stimulus_picture,words,sentences,nodes,edges,unconnected,average_total_degree,parallel_edges,bidirectional_edges,lsc,lcc,L1,L2,L3,sizes_connected_components,cc_size_mean,cc_size_med,cc_size_sd,cc_size_max,connected_components,max_degree_centrality,max_degree_node,max_indegree_centrality,max_outdegree_centrality,max_indegree_centrality_value,max_outdegree_centrality_value,mean_sentence_length,mean_confidence,std_confidence,density,diameter,average_shortest_path,clustering,consecutive_edges
10,113,5,16,18,4,2.25,0,5,3,16,1,2,0,[16],16.0,16.0,0.0,16,1,1.0,girl,"('girl', 0.4)","('girl', 0.6)",0.4,0.6,22.6,0.5157034405866784,0.25463601294874416,0.13333333333333333,4,2.2916666666666665,0.0,7
13,129,5,23,20,0,1.7391304347826086,0,0,1,17,0,0,0,"[17, 2, 2, 2]",5.75,2.0,6.49519052838329,17,4,0.5454545454545454,the men,"('the men', 0.2727272727272727)","('the men', 0.2727272727272727)",0.2727272727272727,0.2727272727272727,25.8,0.5716745576876185,0.2557375053673666,0.07905138339920949,5,2.375,0.11853832442067735,5
30,119,6,21,20,2,1.9047619047619047,0,0,1,19,0,0,0,"[19, 2]",10.5,10.5,8.5,19,2,0.35000000000000003,man,"('picture', 0.2)","('man', 0.30000000000000004)",0.2,0.30000000000000004,19.833333333333332,0.5016755888536731,0.23227552794144202,0.09523809523809523,7,3.2046783625730995,0.013032581453634085,6
10,71,3,13,12,3,1.8461538461538463,1,0,1,6,0,0,0,"[6, 5, 2]",4.333333333333333,5.0,1.699673171197595,6,3,0.25,bread,"('bread', 0.25)","('it', 0.25)",0.25,0.25,23.666666666666668,0.7681803806828517,0.19801321076808623,0.14102564102564102,5,2.3333333333333335,0.0,2
13,97,7,25,20,1,1.6,0,0,1,10,0,0,0,"[10, 7, 2, 2, 2, 2]",4.166666666666667,2.0,3.1841621957571333,10,6,0.20833333333333331,it,"('bit', 0.08333333333333333)","('it', 0.20833333333333331)",0.08333333333333333,0.20833333333333331,13.857142857142858,0.4975724871613331,0.24539269808155545,0.06666666666666667,4,2.2666666666666666,0.0,5
24,92,8,19,15,0,1.5789473684210527,0,3,1,4,3,0,0,"[4, 4, 2, 2, 2, 2, 2, 1]",2.375,2.0,0.9921567416492215,4,8,0.2222222222222222,it,"('individual', 0.1111111111111111)","('it', 0.16666666666666666)",0.1111111111111111,0.16666666666666666,11.5,0.6095956881991079,0.23285391094185257,0.08771929824561403,2,1.3333333333333333,0.5833333333333334,1
30,119,13,18,15,6,1.6666666666666667,1,1,1,7,1,0,0,"[7, 4, 3, 2, 2]",3.6,3.0,1.8547236990991407,7,5,0.29411764705882354,fog,"('image', 0.11764705882352941)","('fog', 0.1764705882352941)",0.11764705882352941,0.1764705882352941,9.153846153846153,0.5183564861218924,0.19496382091732845,0.0915032679738562,4,2.1904761904761907,0.0,4
10,81,9,15,10,3,1.3333333333333333,0,0,1,5,0,0,0,"[5, 4, 2, 2, 2]",3.0,2.0,1.2649110640673518,5,5,0.2857142857142857,it,"('photograph', 0.07142857142857142)","('it', 0.2857142857142857)",0.07142857142857142,0.2857142857142857,9.0,0.4857071558212752,0.27415411336920825,0.09523809523809523,2,1.6,0.0,3
13,122,7,19,19,4,2.0,0,3,2,13,1,1,0,"[13, 4, 2]",6.333333333333333,4.0,4.784233364802441,13,3,0.5555555555555556,i,"('i', 0.2222222222222222)","('i', 0.3333333333333333)",0.2222222222222222,0.3333333333333333,17.428571428571427,0.36878505882573986,0.19166006013547995,0.10526315789473684,4,2.358974358974359,0.08827838827838827,6
24,129,5,16,14,8,1.75,0,2,2,12,0,1,0,"[12, 2, 2]",5.333333333333333,2.0,4.714045207910317,12,3,0.6666666666666666,man,"('man', 0.26666666666666666)","('man', 0.4)",0.26666666666666666,0.4,25.8,0.45180803026602356,0.20667898436670518,0.10833333333333334,4,2.212121212121212,0.0,5
30,118,6,18,18,4,2.0,2,3,2,6,1,2,0,"[6, 5, 3, 2, 2]",3.6,3.0,1.624807680927192,6,5,0.47058823529411764,i,"('it', 0.1764705882352941)","('i', 0.3529411764705882)",0.1764705882352941,0.3529411764705882,19.666666666666668,0.4474388578152621,0.2896177538787134,0.0915032679738562,3,1.9333333333333333,0.0,5
24,138,10,27,24,5,1.7777777777777777,1,2,2,15,0,1,0,"[15, 2, 2, 2, 2, 2, 2]",3.857142857142857,2.0,4.549052379454475,15,7,0.19230769230769232,i,"('dark', 0.11538461538461539)","('i', 0.19230769230769232)",0.11538461538461539,0.19230769230769232,13.8,0.47580537406160034,0.21550761396633517,0.06267806267806268,7,3.0952380952380953,0.0,2
30,132,8,19,14,5,1.4736842105263157,0,0,1,7,0,0,0,"[7, 4, 4, 2, 2]",3.8,4.0,1.8330302779823362,7,5,0.2222222222222222,photograph,"('his', 0.1111111111111111)","('photograph', 0.16666666666666666)",0.1111111111111111,0.16666666666666666,16.5,0.5637929522022348,0.20294555439267653,0.08187134502923976,4,2.0952380952380953,0.0,2
10,187,10,23,33,3,2.869565217391304,4,3,5,21,3,2,1,"[21, 2]",11.5,11.5,9.5,21,2,0.8181818181818182,woman,"('woman', 0.3181818181818182)","('woman', 0.5)",0.3181818181818182,0.5,18.7,0.5074704100969253,0.25917882134148923,0.1067193675889328,4,2.4,0.059369202226345084,14
13,153,10,20,22,5,2.2,2,2,1,12,3,0,0,"[12, 3, 3, 2]",5.0,3.0,4.06201920231798,12,4,0.5789473684210527,they,"('they', 0.2631578947368421)","('they', 0.3157894736842105)",0.2631578947368421,0.3157894736842105,15.3,0.4762043063334843,0.21313232944906804,0.10526315789473684,4,2.393939393939394,0.13611111111111113,7
30,141,12,23,24,3,2.0869565217391304,2,3,2,15,2,1,0,"[15, 4, 4]",7.666666666666667,4.0,5.185449728701348,15,3,0.5,lamppost,"('lamppost', 0.2727272727272727)","('lamppost', 0.2272727272727273)",0.2727272727272727,0.2272727272727273,11.75,0.6093933158696063,0.197892902007074,0.08300395256916997,6,2.704761904761905,0.0,5
10,133,10,19,16,5,1.6842105263157894,1,1,1,6,1,0,0,"[6, 5, 4, 2, 2]",3.8,4.0,1.6,6,5,0.38888888888888884,woman,"('conversation', 0.1111111111111111)","('woman', 0.3333333333333333)",0.1111111111111111,0.3333333333333333,13.3,0.40604141131688415,0.11806933961089748,0.08771929824561403,3,1.8666666666666667,0.0,5
13,133,7,17,22,0,2.588235294117647,0,4,2,17,2,1,0,[17],17.0,17.0,0.0,17,1,0.4375,man,"('man', 0.1875)","('ehm', 0.375)",0.1875,0.375,19.0,0.459965731389064,0.1996372504386786,0.15441176470588236,4,2.7058823529411766,0.10588235294117646,11
24,112,11,24,16,5,1.3333333333333333,0,2,2,4,0,1,0,"[4, 4, 3, 3, 2, 2, 2, 2, 2]",2.6666666666666665,2.0,0.816496580927726,4,9,0.17391304347826086,he,"('he', 0.08695652173913043)","('it', 0.13043478260869565)",0.08695652173913043,0.13043478260869565,10.181818181818182,0.37828297080120526,0.20064403787791618,0.05434782608695652,2,1.5,0.0,0
30,122,8,11,12,2,2.1818181818181817,0,3,2,9,1,1,0,"[9, 2]",5.5,5.5,3.5,9,2,0.8,man,"('image', 0.30000000000000004)","('man', 0.6000000000000001)",0.30000000000000004,0.6000000000000001,15.25,0.5725151302199427,0.23790705207357926,0.2,3,2.0555555555555554,0.0,5
10,127,9,22,20,3,1.8181818181818181,0,0,1,15,0,0,0,"[15, 3, 2, 2]",5.5,2.5,5.5,15,4,0.19047619047619047,girl,"('position', 0.14285714285714285)","('it', 0.19047619047619047)",0.14285714285714285,0.19047619047619047,14.11111111111111,0.6108528074778559,0.24419857410334636,0.08658008658008658,7,3.2,0.1,2
13,142,9,23,20,3,1.7391304347826086,0,0,1,18,0,0,0,"[18, 3, 2]",7.666666666666667,3.0,7.318166133366716,18,3,0.5,soldiers,"('soldiers', 0.18181818181818182)","('soldiers', 0.3181818181818182)",0.18181818181818182,0.3181818181818182,15.777777777777779,0.5159908703637042,0.26975388148670165,0.07905138339920949,5,2.4444444444444446,0.0,8
30,174,9,26,29,3,2.230769230769231,1,4,2,20,2,1,0,"[20, 2, 2, 2]",6.5,2.0,7.794228634059948,20,4,0.44,image,"('image', 0.24)","('image', 0.2)",0.24,0.2,19.333333333333332,0.4521275837518294,0.28338756196999737,0.08307692307692308,4,2.721052631578947,0.0,10
10,87,7,13,15,2,2.3076923076923075,2,1,2,7,1,1,0,"[7, 6]",6.5,6.5,0.5,7,2,0.41666666666666663,girl,"('cough', 0.25)","('girl', 0.25)",0.25,0.25,12.428571428571429,0.38405013213821687,0.2594598292135245,0.15384615384615385,4,2.2857142857142856,0.0,2
24,88,3,18,18,4,2.0,0,1,3,10,1,0,1,"[10, 8]",9.0,9.0,1.0,10,2,0.47058823529411764,picture,"('picture', 0.1764705882352941)","('picture', 0.29411764705882354)",0.1764705882352941,0.29411764705882354,29.333333333333332,0.4921699834006702,0.1575852266690855,0.11764705882352941,4,2.2666666666666666,0.0,4
13,80,7,10,13,1,2.6,1,2,1,10,3,0,0,[10],10.0,10.0,0.0,10,1,0.7777777777777777,other,"('other', 0.4444444444444444)","('man', 0.3333333333333333)",0.4444444444444444,0.3333333333333333,11.428571428571429,0.3854981823188933,0.20486397778851567,0.26666666666666666,5,2.577777777777778,0.08333333333333333,5
10,9,4,3,2,1,1.3333333333333333,0,0,1,3,0,0,0,[3],3.0,3.0,0.0,3,1,1.0,old,"('old', 0.5)","('old', 0.5)",0.5,0.5,2.25,0.8310207140415478,0.0,0.6666666666666666,2,1.3333333333333333,0.0,0
30,28,4,7,5,0,1.4285714285714286,0,0,1,5,0,0,0,"[5, 2]",3.5,3.5,1.5,5,2,0.5,it,"('man', 0.16666666666666666)","('it', 0.5)",0.16666666666666666,0.5,7.0,0.3330352393154432,0.12693508547952376,0.23809523809523808,3,1.8,0.0,2
10,138,10,25,27,1,2.16,0,2,4,21,0,1,1,"[21, 2, 2]",8.333333333333334,2.0,8.9566858950296,21,3,0.41666666666666663,girl,"('girl', 0.16666666666666666)","('it', 0.3333333333333333)",0.16666666666666666,0.3333333333333333,13.8,0.48275218139438214,0.2553064306583729,0.08666666666666667,5,2.5619047619047617,0.06613756613756615,11
10,114,7,15,15,5,2.0,2,1,1,11,2,0,0,"[11, 2, 2]",5.0,2.0,4.242640687119285,11,3,1.0,it,"('it', 0.2857142857142857)","('it', 0.7142857142857142)",0.2857142857142857,0.7142857142857142,16.285714285714285,0.4150070478789712,0.13587092416067914,0.12380952380952381,3,1.9636363636363636,0.0,8
24,139,8,24,18,4,1.5,0,0,1,7,0,0,0,"[7, 5, 4, 3, 3, 2]",4.0,3.5,1.632993161855452,7,6,0.2608695652173913,it,"('he', 0.08695652173913043)","('it', 0.2608695652173913)",0.08695652173913043,0.2608695652173913,17.375,0.49773041009115154,0.1981453987521452,0.06521739130434782,2,1.7142857142857142,0.0,5
30,36,6,13,10,1,1.5384615384615385,0,1,1,4,1,0,0,"[4, 4, 3, 2]",3.25,3.5,0.82915619758885,4,4,0.41666666666666663,i,"('under', 0.08333333333333333)","('i', 0.3333333333333333)",0.08333333333333333,0.3333333333333333,6.0,0.42467822457897925,0.14717357934195321,0.1282051282051282,2,1.5,0.0,3
10,150,7,23,16,11,1.391304347826087,0,0,1,6,0,0,0,"[6, 5, 3, 3, 2, 2, 2]",3.2857142857142856,3.0,1.4846149779161804,6,7,0.2272727272727273,picture,"('sort', 0.045454545454545456)","('picture', 0.18181818181818182)",0.045454545454545456,0.18181818181818182,21.428571428571427,0.6567977422742834,0.2445336807419734,0.06324110671936758,2,1.6666666666666667,0.0,4
24,141,7,19,17,9,1.7894736842105263,1,1,1,6,1,0,0,"[6, 4, 3, 2, 2, 2]",3.1666666666666665,2.5,1.4624940645653537,6,6,0.2777777777777778,image,"('person', 0.16666666666666666)","('it', 0.2777777777777778)",0.16666666666666666,0.2777777777777778,20.142857142857142,0.5724951136601186,0.1576859128213461,0.08771929824561403,4,1.9333333333333333,0.27777777777777773,6
13,75,5,15,14,2,1.8666666666666667,0,0,1,10,0,0,0,"[10, 3, 2]",5.0,3.0,3.559026084010437,10,3,0.2857142857142857,i,"('people', 0.2857142857142857)","('i', 0.2857142857142857)",0.2857142857142857,0.2857142857142857,15.0,0.546837878322677,0.1922765800284332,0.13333333333333333,6,2.5555555555555554,0.0,2
24,89,7,21,18,1,1.7142857142857142,0,1,1,10,1,0,0,"[10, 5, 4, 2]",5.25,4.5,2.947456530637899,10,4,0.25,figure,"('figure', 0.1)","('figure', 0.15000000000000002)",0.1,0.15000000000000002,12.714285714285714,0.5402941485652346,0.22691346497910442,0.08571428571428572,7,3.1555555555555554,0.0,3
10,127,9,16,17,5,2.125,2,3,2,7,1,2,0,"[7, 5, 2, 2]",4.0,3.5,2.1213203435596424,7,4,0.5333333333333333,it,"('it', 0.2)","('it', 0.3333333333333333)",0.2,0.3333333333333333,14.11111111111111,0.4518262047121328,0.22653629064865072,0.10833333333333334,4,2.1904761904761907,0.0,3
10,50,5,9,8,3,1.7777777777777777,1,0,1,5,0,0,0,"[5, 4]",4.5,4.5,0.5,5,2,0.5,lady,"('baby', 0.25)","('lady', 0.375)",0.25,0.375,10.0,0.4997729511317521,0.21888382362716752,0.19444444444444445,3,1.8,0.0,2
30,48,7,9,9,3,2.0,1,0,1,9,0,0,0,[9],9.0,9.0,0.0,9,1,0.625,i,"('tree', 0.25)","('i', 0.625)",0.25,0.625,6.857142857142857,0.47370182571795394,0.16414080987976087,0.2222222222222222,4,2.388888888888889,0.0,2
13,121,9,19,17,4,1.7894736842105263,0,0,1,13,0,0,0,"[13, 4, 2]",6.333333333333333,4.0,4.784233364802441,13,3,0.2777777777777778,man,"('man', 0.16666666666666666)","('he', 0.16666666666666666)",0.16666666666666666,0.16666666666666666,13.444444444444445,0.41697820223935983,0.12951414218192786,0.09941520467836257,4,2.551282051282051,0.16153846153846155,0
13,135,14,19,15,5,1.5789473684210527,1,0,1,7,0,0,0,"[7, 6, 2, 2, 2]",3.8,2.0,2.2271057451320084,7,5,0.3333333333333333,they,"('army', 0.1111111111111111)","('they', 0.3333333333333333)",0.1111111111111111,0.3333333333333333,9.642857142857142,0.5337639568148638,0.1142367971812188,0.08187134502923976,5,2.4761904761904763,0.0,3
30,124,12,18,18,3,2.0,1,1,1,14,1,0,0,"[14, 4]",9.0,9.0,5.0,14,2,0.4117647058823529,it,"('streetlamp', 0.11764705882352941)","('it', 0.29411764705882354)",0.11764705882352941,0.29411764705882354,10.333333333333334,0.3909360558934643,0.13674918209009596,0.1111111111111111,7,3.131868131868132,0.0,6
10,171,8,30,26,5,1.7333333333333334,0,5,2,10,1,2,0,"[10, 8, 3, 3, 2, 2, 2]",4.285714285714286,3.0,3.0572763655760995,10,7,0.27586206896551724,she,"('she', 0.10344827586206896)","('she', 0.1724137931034483)",0.10344827586206896,0.1724137931034483,21.375,0.45215774244271145,0.19100096598242075,0.05517241379310345,4,2.111111111111111,0.0,6
24,134,6,21,18,2,1.7142857142857142,0,2,2,12,0,1,0,"[12, 4, 3, 2]",5.25,3.5,3.960744879438715,12,4,0.4,it,"('it', 0.15000000000000002)","('it', 0.25)",0.15000000000000002,0.25,22.333333333333332,0.3256818472266758,0.17747055323225644,0.08095238095238096,4,2.212121212121212,0.0,5
30,162,9,17,19,6,2.235294117647059,2,1,1,15,1,0,0,"[15, 2]",8.5,8.5,6.5,15,2,0.5,my,"('picture', 0.1875)","('my', 0.375)",0.1875,0.375,18.0,0.3746539797781689,0.18396687257157754,0.125,5,2.6476190476190475,0.0,9
24,142,9,22,21,1,1.9090909090909092,1,2,1,12,3,0,0,"[12, 6, 2, 2]",5.5,4.0,4.092676385936225,12,4,0.38095238095238093,dark,"('dark', 0.19047619047619047)","('i', 0.19047619047619047)",0.19047619047619047,0.19047619047619047,15.777777777777779,0.3986580272340206,0.1550132177258434,0.08658008658008658,6,2.727272727272727,0.0,5
10,156,13,21,27,3,2.5714285714285716,2,3,4,17,4,0,2,"[17, 2, 2]",7.0,2.0,7.0710678118654755,17,3,0.65,girl,"('girl', 0.35000000000000003)","('girl', 0.30000000000000004)",0.35000000000000003,0.30000000000000004,12.0,0.5097443762533165,0.2589277620203794,0.11904761904761904,6,2.8455882352941178,0.23739495798319327,9
13,183,5,17,20,2,2.3529411764705883,2,3,2,15,2,1,0,"[15, 2]",8.5,8.5,6.5,15,2,0.8125,they,"('they', 0.4375)","('they', 0.375)",0.4375,0.375,36.6,0.4105171012966642,0.13037374011032152,0.11764705882352941,7,3.0476190476190474,0.0,7
24,138,10,19,20,4,2.1052631578947367,1,2,1,9,2,0,0,"[9, 6, 2, 2]",4.75,4.0,2.947456530637899,9,4,0.3333333333333333,it,"('they', 0.16666666666666666)","('it', 0.2777777777777778)",0.16666666666666666,0.2777777777777778,13.8,0.5605126600434656,0.1899782788729629,0.1111111111111111,6,2.7222222222222223,0.0,4
30,185,12,25,20,14,1.6,1,1,1,7,1,0,0,"[7, 4, 4, 3, 3, 2, 2]",3.5714285714285716,3.0,1.5907898179514348,7,7,0.20833333333333331,this,"('sort', 0.08333333333333333)","('this', 0.16666666666666666)",0.08333333333333333,0.16666666666666666,15.416666666666666,0.44432229013083274,0.20818063512759888,0.06333333333333334,5,2.380952380952381,0.0,3
13,104,8,20,13,4,1.3,0,0,1,5,0,0,0,"[5, 4, 3, 2, 2, 2, 2]",2.857142857142857,2.0,1.1248582677159729,5,7,0.15789473684210525,men,"('men', 0.10526315789473684)","('men', 0.05263157894736842)",0.10526315789473684,0.05263157894736842,13.0,0.6515184928320907,0.15139728300273417,0.06842105263157895,3,1.8,0.0,0
24,121,13,12,14,5,2.3333333333333335,0,2,3,12,0,1,1,[12],12.0,12.0,0.0,12,1,0.7272727272727273,i,"('image', 0.2727272727272727)","('i', 0.6363636363636364)",0.2727272727272727,0.6363636363636364,9.307692307692308,0.3247825583826259,0.13665562502862263,0.19696969696969696,4,2.227272727272727,0.21507936507936506,4
13,101,14,16,11,4,1.375,0,0,4,4,0,0,0,"[4, 3, 3, 2, 2, 2]",2.6666666666666665,2.5,0.7453559924999298,4,6,0.13333333333333333,men,"('panama', 0.13333333333333333)","('men', 0.13333333333333333)",0.13333333333333333,0.13333333333333333,7.214285714285714,0.5606030625986085,0.204883311555223,0.09166666666666666,2,1.3333333333333333,0.0,0
24,33,2,6,6,1,2.0,1,0,1,6,0,0,0,[6],6.0,6.0,0.0,6,1,1.0,man,"('man', 0.4)","('man', 0.6000000000000001)",0.4,0.6000000000000001,16.5,0.4878501047146961,0.24064938575837252,0.3333333333333333,3,1.8666666666666667,0.0,2
10,157,15,26,26,2,2.0,3,1,1,16,2,0,0,"[16, 6, 2, 2]",6.5,4.0,5.722761571129799,16,4,0.32,i,"('it', 0.08)","('i', 0.24)",0.08,0.24,10.466666666666667,0.40116323591866504,0.25133387007663216,0.07076923076923076,6,2.8583333333333334,0.0,7
13,163,13,22,21,2,1.9090909090909092,1,2,1,12,2,0,0,"[12, 2, 2, 2, 2, 2]",3.6666666666666665,2.0,3.726779962499649,12,6,0.38095238095238093,i,"('artist', 0.19047619047619047)","('i', 0.2857142857142857)",0.19047619047619047,0.2857142857142857,12.538461538461538,0.4110162259895815,0.21162408625542936,0.08658008658008658,4,2.378787878787879,0.13055555555555556,4
24,124,8,21,17,0,1.619047619047619,1,1,1,11,1,0,0,"[11, 2, 2, 2, 2, 2]",3.5,2.0,3.3541019662496847,11,6,0.55,it,"('it', 0.2)","('it', 0.35000000000000003)",0.2,0.35000000000000003,15.5,0.4680731081273907,0.16543741706860185,0.0761904761904762,3,2.0727272727272728,0.0,7
10,114,6,14,18,2,2.5714285714285716,1,2,1,14,3,0,0,[14],14.0,14.0,0.0,14,1,0.8461538461538463,i,"('i', 0.23076923076923078)","('i', 0.6153846153846154)",0.23076923076923078,0.6153846153846154,19.0,0.3225094097778402,0.18344362029889102,0.18681318681318682,4,2.4065934065934065,0.09863945578231292,8
24,86,6,14,12,3,1.7142857142857142,0,1,1,8,1,0,0,"[8, 4, 2]",4.666666666666667,4.0,2.494438257849294,8,3,0.3076923076923077,it,"('i', 0.15384615384615385)","('it', 0.3076923076923077)",0.15384615384615385,0.3076923076923077,14.333333333333334,0.4643915096087704,0.26895901411705303,0.13186813186813187,4,2.2142857142857144,0.0,2
10,87,8,12,14,3,2.3333333333333335,1,4,2,8,3,1,0,"[8, 2, 2]",4.0,2.0,2.8284271247461903,8,3,0.4545454545454546,it,"('girl', 0.2727272727272727)","('i', 0.2727272727272727)",0.2727272727272727,0.2727272727272727,10.875,0.4363974390001768,0.20549799364453677,0.18181818181818182,4,2.25,0.125,5
24,86,4,14,15,0,2.142857142857143,2,4,2,7,0,2,0,"[7, 5, 2]",4.666666666666667,5.0,2.0548046676563256,7,3,0.46153846153846156,he,"('he', 0.23076923076923078)","('he', 0.23076923076923078)",0.23076923076923078,0.23076923076923078,21.5,0.3795604238725186,0.17897151491915966,0.12087912087912088,3,1.9047619047619047,0.0,6
10,136,6,23,19,6,1.6521739130434783,0,1,1,9,1,0,0,"[9, 5, 5, 2, 2]",4.6,5.0,2.5768197453450252,9,5,0.2727272727272727,girl,"('girl', 0.13636363636363635)","('this', 0.13636363636363635)",0.13636363636363635,0.13636363636363635,22.666666666666668,0.49271343995421407,0.2469425808447357,0.07509881422924901,5,2.5555555555555554,0.0,3
10,158,9,25,21,3,1.68,0,2,1,9,2,0,0,"[9, 6, 4, 2, 2, 2]",4.166666666666667,3.0,2.6087459737497545,9,6,0.20833333333333331,baby,"('mother', 0.125)","('it', 0.125)",0.125,0.125,17.555555555555557,0.619829167927781,0.25290905338600805,0.07,6,2.8333333333333335,0.0,1
13,88,7,15,14,3,1.8666666666666667,0,0,1,11,0,0,0,"[11, 2, 2]",5.0,2.0,4.242640687119285,11,3,0.5714285714285714,i,"('humans', 0.14285714285714285)","('i', 0.5714285714285714)",0.14285714285714285,0.5714285714285714,12.571428571428571,0.3190955208412338,0.11922791174388253,0.13333333333333333,4,2.0545454545454547,0.30952380952380953,6
10,109,9,21,27,0,2.5714285714285716,4,3,2,14,1,1,0,"[14, 7]",10.5,10.5,3.5,14,2,0.55,i,"('baby', 0.2)","('i', 0.45)",0.2,0.45,12.11111111111111,0.4423188258715997,0.20965347970053508,0.09523809523809523,4,2.5494505494505493,0.0,14
13,117,11,21,23,2,2.1904761904761907,1,3,2,17,1,2,0,"[17, 2, 2]",7.0,2.0,7.0710678118654755,17,3,0.4,it,"('it', 0.15000000000000002)","('i', 0.25)",0.15000000000000002,0.25,10.636363636363637,0.37358511664894806,0.1686076170098423,0.09523809523809523,5,2.764705882352941,0.0,7
24,113,12,21,21,0,2.0,1,3,2,15,1,1,0,"[15, 2, 2, 2]",5.25,2.0,5.629165124598851,15,4,0.35000000000000003,man,"('man', 0.15000000000000002)","('i', 0.2)",0.15000000000000002,0.2,9.416666666666666,0.4073523024423103,0.22993310164072694,0.09047619047619047,7,3.085714285714286,0.0,6
30,138,12,17,23,4,2.7058823529411766,3,7,3,13,3,3,0,"[13, 2, 2]",5.666666666666667,2.0,5.185449728701348,13,3,0.75,i,"('left', 0.25)","('i', 0.5625)",0.25,0.5625,11.5,0.44443715653435056,0.18070649118613252,0.125,4,2.5128205128205128,0.0,6
10,69,2,14,13,3,1.8571428571428572,0,1,1,6,1,0,0,"[6, 6, 2]",4.666666666666667,6.0,1.8856180831641267,6,3,0.5384615384615385,girl,"('girl', 0.23076923076923078)","('they', 0.38461538461538464)",0.23076923076923078,0.38461538461538464,34.5,0.5895891563528275,0.18922057775657192,0.14285714285714285,2,1.6666666666666667,0.0,7
13,78,4,12,13,0,2.1666666666666665,0,0,1,12,0,0,0,[12],12.0,12.0,0.0,12,1,0.6363636363636364,four men,"('four men', 0.18181818181818182)","('one', 0.4545454545454546)",0.18181818181818182,0.4545454545454546,19.5,0.6636866108611585,0.17412150219877326,0.19696969696969696,4,2.1818181818181817,0.18571428571428572,6
10,39,1,8,7,2,1.75,0,0,1,6,0,0,0,"[6, 2]",4.0,4.0,2.0,6,2,0.42857142857142855,she,"('young', 0.2857142857142857)","('girl', 0.42857142857142855)",0.2857142857142857,0.42857142857142855,39.0,0.4035389302576447,0.14296376233835065,0.25,4,1.8666666666666667,0.0,2
13,31,1,8,6,0,1.5,0,0,1,5,0,0,0,"[5, 3]",4.0,4.0,1.0,5,2,0.42857142857142855,poverty,"('top', 0.2857142857142857)","('poverty', 0.2857142857142857)",0.2857142857142857,0.2857142857142857,31.0,0.5413760176887293,0.23564447047845732,0.21428571428571427,3,1.8,0.0,0
24,39,3,13,11,1,1.6923076923076923,0,0,1,9,0,0,0,"[9, 4]",6.5,6.5,2.5,9,2,0.5,i,"('christian', 0.16666666666666666)","('i', 0.5)",0.16666666666666666,0.5,13.0,0.25692357993488474,0.10476054636826773,0.14102564102564102,4,2.111111111111111,0.0,7
30,30,1,5,4,2,1.6,0,2,2,3,0,1,0,"[3, 2]",2.5,2.5,0.5,3,2,0.75,company,"('man', 0.25)","('company', 0.5)",0.25,0.5,30.0,0.896619342842042,0.00642085426343264,0.3,2,1.3333333333333333,0.0,0
13,165,11,25,23,4,1.84,0,3,1,10,3,0,0,"[10, 7, 4, 2, 2]",5.0,4.0,3.0983866769659336,10,5,0.29166666666666663,it,"('the men', 0.125)","('it', 0.25)",0.125,0.25,15.0,0.37419583488862207,0.13528378770565422,0.07666666666666666,6,2.7111111111111112,0.0,11
10,52,7,13,10,2,1.5384615384615385,0,1,1,5,1,0,0,"[5, 3, 3, 2]",3.25,3.0,1.0897247358851685,5,4,0.3333333333333333,i,"('i', 0.16666666666666666)","('i', 0.16666666666666666)",0.16666666666666666,0.16666666666666666,7.428571428571429,0.48458225883150435,0.17396800058700942,0.1282051282051282,3,1.8,0.0,0
13,67,7,9,7,8,1.5555555555555556,0,1,1,4,1,0,0,"[4, 3, 2]",3.0,3.0,0.816496580927726,4,3,0.625,it,"('it', 0.25)","('it', 0.375)",0.25,0.375,9.571428571428571,0.4517873028386683,0.22252223407595906,0.19444444444444445,2,1.5,0.0,2
24,82,5,12,16,1,2.6666666666666665,1,6,2,12,3,2,0,[12],12.0,12.0,0.0,12,1,0.6363636363636364,person,"('they', 0.36363636363636365)","('person', 0.36363636363636365)",0.36363636363636365,0.36363636363636365,16.4,0.5260849575725505,0.2656925350701241,0.19696969696969696,5,2.757575757575758,0.0,5
30,73,6,10,8,2,1.6,0,0,1,6,0,0,0,"[6, 2, 2]",3.3333333333333335,2.0,1.8856180831641267,6,3,0.4444444444444444,image,"('image', 0.3333333333333333)","('i', 0.2222222222222222)",0.3333333333333333,0.2222222222222222,12.166666666666666,0.5523839586930448,0.28773765711182325,0.17777777777777778,3,1.8,0.36111111111111116,0
13,25,2,9,8,0,1.7777777777777777,0,0,1,9,0,0,0,[9],9.0,9.0,0.0,9,1,1.0,people,"('people', 0.375)","('people', 0.625)",0.375,0.625,12.5,0.628938217817952,0.1993174200525498,0.2222222222222222,2,1.7777777777777777,0.0,4
24,28,2,7,5,0,1.4285714285714286,0,1,1,3,1,0,0,"[3, 2, 2]",2.3333333333333335,2.0,0.4714045207910317,3,3,0.5,it,"('person', 0.16666666666666666)","('it', 0.3333333333333333)",0.16666666666666666,0.3333333333333333,14.0,0.5185644792528601,0.22797160948428458,0.23809523809523808,2,1.3333333333333333,0.0,0
30,95,5,18,17,3,1.8888888888888888,0,0,1,11,0,0,0,"[11, 5, 2]",6.0,5.0,3.7416573867739413,11,3,0.3529411764705882,man,"('man', 0.23529411764705882)","('image', 0.11764705882352941)",0.23529411764705882,0.11764705882352941,19.0,0.3417880843212545,0.13271895485513557,0.1111111111111111,5,2.6,0.18787878787878787,0
30,66,9,13,10,5,1.5384615384615385,0,0,1,6,0,0,0,"[6, 3, 2, 2]",3.25,2.5,1.6393596310755,6,4,0.25,i,"('guy', 0.25)","('i', 0.25)",0.25,0.25,7.333333333333333,0.42580812977629956,0.05862849387714839,0.1282051282051282,4,1.9333333333333333,0.27777777777777773,1
10,97,7,13,11,6,1.6923076923076923,0,2,2,5,0,1,0,"[5, 5, 3]",4.333333333333333,5.0,0.9428090415820634,5,3,0.25,girl,"('doll', 0.16666666666666666)","('i', 0.16666666666666666)",0.16666666666666666,0.16666666666666666,13.857142857142858,0.5102844706419887,0.18876220246600864,0.1282051282051282,3,1.8,0.0,0
24,108,10,17,15,2,1.7647058823529411,1,0,2,10,0,1,0,"[10, 3, 2, 2]",4.25,2.5,3.344772040064913,10,4,0.375,it,"('it', 0.125)","('it', 0.25)",0.125,0.25,10.8,0.4119243150718394,0.24234056963473052,0.09558823529411764,7,2.977777777777778,0.0,2
13,88,8,14,16,1,2.2857142857142856,0,3,2,12,1,1,0,"[12, 2]",7.0,7.0,5.0,12,2,0.6923076923076923,it,"('it', 0.23076923076923078)","('it', 0.46153846153846156)",0.23076923076923078,0.46153846153846156,11.0,0.4492789246982007,0.22383577609165356,0.16483516483516483,5,2.5757575757575757,0.11666666666666665,3
24,111,7,26,23,3,1.7692307692307692,1,0,1,19,0,0,0,"[19, 3, 2, 2]",6.5,2.5,7.22841614740048,19,4,0.2,it,"('painting', 0.12)","('it', 0.2)",0.12,0.2,15.857142857142858,0.47231367898554727,0.19432476894123274,0.06769230769230769,9,3.7076023391812867,0.0,5
10,114,6,16,19,1,2.375,1,1,2,16,1,1,0,[16],16.0,16.0,0.0,16,1,0.4666666666666667,person,"('colour', 0.26666666666666666)","('person', 0.4)",0.26666666666666666,0.4,19.0,0.5541231411967377,0.2498961403986406,0.14166666666666666,6,3.0166666666666666,0.0,9
13,122,10,20,20,2,2.0,2,2,1,14,2,0,0,"[14, 2, 2, 2]",5.0,2.0,5.196152422706632,14,4,0.42105263157894735,they,"('they', 0.21052631578947367)","('i', 0.3157894736842105)",0.21052631578947367,0.3157894736842105,12.2,0.4461088118269379,0.17489774184477427,0.09473684210526316,6,2.967032967032967,0.0,6
24,104,6,24,19,2,1.5833333333333333,1,0,1,11,0,0,0,"[11, 3, 3, 3, 2, 2]",4.0,3.0,3.1622776601683795,11,6,0.21739130434782608,person,"('tombstone', 0.13043478260869565)","('person', 0.13043478260869565)",0.13043478260869565,0.13043478260869565,17.333333333333332,0.7623527933159617,0.23101576745391464,0.06521739130434782,6,2.981818181818182,0.0,3
30,121,8,23,21,0,1.826086956521739,1,0,1,19,0,0,0,"[19, 2, 2]",7.666666666666667,2.0,8.013876853447538,19,3,0.2727272727272727,man,"('light', 0.09090909090909091)","('man', 0.18181818181818182)",0.09090909090909091,0.18181818181818182,15.125,0.4950147746339768,0.24024986862656342,0.07905138339920949,8,3.754385964912281,0.0,4
10,131,7,20,22,1,2.2,0,0,1,14,0,0,0,"[14, 4, 2]",6.666666666666667,4.0,5.2493385826745405,14,3,0.3157894736842105,it,"('something', 0.15789473684210525)","('it', 0.2631578947368421)",0.15789473684210525,0.2631578947368421,18.714285714285715,0.4629935485623439,0.2095972449261493,0.11578947368421053,4,2.3076923076923075,0.03333333333333333,7
13,98,8,21,22,2,2.0952380952380953,2,1,1,14,1,0,0,"[14, 5, 2]",7.0,5.0,5.0990195135927845,14,3,0.65,it,"('it', 0.15000000000000002)","('it', 0.5)",0.15000000000000002,0.5,12.25,0.3021529942163527,0.2065051554987652,0.09523809523809523,3,2.043956043956044,0.08463203463203463,10
30,107,13,19,15,4,1.5789473684210527,0,1,1,8,1,0,0,"[8, 4, 3, 2, 2]",3.8,3.0,2.2271057451320084,8,5,0.38888888888888884,it,"('it', 0.1111111111111111)","('it', 0.2777777777777778)",0.1111111111111111,0.2777777777777778,8.23076923076923,0.45526257010078214,0.2263258330791109,0.08771929824561403,4,2.107142857142857,0.0,4
10,78,10,12,9,3,1.5,0,1,1,5,1,0,0,"[5, 3, 2, 2]",3.0,2.5,1.224744871391589,5,4,0.36363636363636365,i,"('baby', 0.18181818181818182)","('i', 0.2727272727272727)",0.18181818181818182,0.2727272727272727,7.8,0.43795121460562464,0.22580579869287182,0.13636363636363635,3,1.8,0.0,0
10,115,2,15,17,0,2.2666666666666666,0,2,2,15,0,1,0,[15],15.0,15.0,0.0,15,1,0.42857142857142855,she,"('baby', 0.2857142857142857)","('i', 0.2857142857142857)",0.2857142857142857,0.2857142857142857,57.5,0.4177749113657924,0.22609565487527053,0.1523809523809524,5,2.8285714285714287,0.10444444444444444,7
10,60,5,16,10,2,1.25,0,0,1,5,0,0,0,"[5, 3, 2, 2, 2, 2]",2.6666666666666665,2.0,1.1055415967851334,5,6,0.2,olden,"('olden', 0.2)","('the girls', 0.13333333333333333)",0.2,0.13333333333333333,12.0,0.7056600043603115,0.14019775138883106,0.08333333333333333,3,1.8,0.0,0
13,84,6,13,13,4,2.0,1,1,1,9,2,0,0,"[9, 4]",6.5,6.5,2.5,9,2,0.75,these,"('these', 0.25)","('these', 0.5)",0.25,0.5,14.0,0.42284359990737586,0.13473296727589792,0.15384615384615385,4,2.2222222222222223,0.0,6
24,59,7,14,12,2,1.7142857142857142,0,0,1,10,0,0,0,"[10, 4]",7.0,7.0,3.0,10,2,0.3076923076923077,this,"('photo', 0.15384615384615385)","('this', 0.3076923076923077)",0.15384615384615385,0.3076923076923077,8.428571428571429,0.5405905560881676,0.17301473380110738,0.13186813186813187,4,2.533333333333333,0.0,2
30,92,9,12,8,1,1.3333333333333333,0,0,1,5,0,0,0,"[5, 3, 2, 2]",3.0,2.5,1.224744871391589,5,4,0.2727272727272727,man,"('bit', 0.18181818181818182)","('you', 0.18181818181818182)",0.18181818181818182,0.18181818181818182,10.222222222222221,0.45568232798937336,0.15645546354150766,0.12121212121212122,3,1.8,0.0,0
10,117,5,16,15,3,1.875,0,2,2,12,0,1,0,"[12, 2, 2]",5.333333333333333,2.0,4.714045207910317,12,3,0.3333333333333333,girl,"('image', 0.2)","('girl', 0.2)",0.2,0.2,23.4,0.6356574821717529,0.24829562208039851,0.11666666666666667,6,2.909090909090909,0.1111111111111111,